pad,binary,loop_target_addr,loop_branch_addr,exit_cmp_addr,ret_addr,loop_target_addr_hex,loop_target_addr_mod16,loop_target_addr_mod32,loop_target_addr_mod64,loop_branch_addr_hex,loop_branch_addr_mod16,loop_branch_addr_mod32,loop_branch_addr_mod64,exit_cmp_addr_hex,exit_cmp_addr_mod16,exit_cmp_addr_mod32,exit_cmp_addr_mod64,ret_addr_hex,ret_addr_mod16,ret_addr_mod32,ret_addr_mod64,ns_per_query_mean,ns_per_query_min,ns_per_query_max,ns_per_query_stdev,runs
0,alignment_sweep/bin/experiment_v1_gcc13_pad_00,4219478,4219506,4219508,4219515,0x406256,6,22,22,0x406272,2,18,50,0x406274,4,20,52,0x40627b,11,27,59,450.45807000,450.45807000,450.45807000,0.00000000,450.45807000
1,alignment_sweep/bin/experiment_v1_gcc13_pad_01,4219479,4219507,4219509,4219516,0x406257,7,23,23,0x406273,3,19,51,0x406275,5,21,53,0x40627c,12,28,60,457.07137000,457.07137000,457.07137000,0.00000000,457.07137000
2,alignment_sweep/bin/experiment_v1_gcc13_pad_02,4219480,4219508,4219510,4219517,0x406258,8,24,24,0x406274,4,20,52,0x406276,6,22,54,0x40627d,13,29,61,468.82436000,468.82436000,468.82436000,0.00000000,468.82436000
3,alignment_sweep/bin/experiment_v1_gcc13_pad_03,4219481,4219509,4219511,4219518,0x406259,9,25,25,0x406275,5,21,53,0x406277,7,23,55,0x40627e,14,30,62,478.38019000,478.38019000,478.38019000,0.00000000,478.38019000
4,alignment_sweep/bin/experiment_v1_gcc13_pad_04,4219482,4219510,4219512,4219519,0x40625a,10,26,26,0x406276,6,22,54,0x406278,8,24,56,0x40627f,15,31,63,451.74687000,451.74687000,451.74687000,0.00000000,451.74687000
5,alignment_sweep/bin/experiment_v1_gcc13_pad_05,4219483,4219511,4219513,4219520,0x40625b,11,27,27,0x406277,7,23,55,0x406279,9,25,57,0x406280,0,0,0,444.16560000,444.16560000,444.16560000,0.00000000,444.16560000
6,alignment_sweep/bin/experiment_v1_gcc13_pad_06,4219484,4219512,4219514,4219521,0x40625c,12,28,28,0x406278,8,24,56,0x40627a,10,26,58,0x406281,1,1,1,461.76323000,461.76323000,461.76323000,0.00000000,461.76323000
7,alignment_sweep/bin/experiment_v1_gcc13_pad_07,4219485,4219513,4219515,4219522,0x40625d,13,29,29,0x406279,9,25,57,0x40627b,11,27,59,0x406282,2,2,2,449.05136000,449.05136000,449.05136000,0.00000000,449.05136000
8,alignment_sweep/bin/experiment_v1_gcc13_pad_08,4219486,4219514,4219516,4219523,0x40625e,14,30,30,0x40627a,10,26,58,0x40627c,12,28,60,0x406283,3,3,3,465.80982000,465.80982000,465.80982000,0.00000000,465.80982000
9,alignment_sweep/bin/experiment_v1_gcc13_pad_09,4219487,4219515,4219517,4219524,0x40625f,15,31,31,0x40627b,11,27,59,0x40627d,13,29,61,0x406284,4,4,4,879.69312000,879.69312000,879.69312000,0.00000000,879.69312000
10,alignment_sweep/bin/experiment_v1_gcc13_pad_10,4219488,4219516,4219518,4219525,0x406260,0,0,32,0x40627c,12,28,60,0x40627e,14,30,62,0x406285,5,5,5,795.20138000,795.20138000,795.20138000,0.00000000,795.20138000
11,alignment_sweep/bin/experiment_v1_gcc13_pad_11,4219489,4219517,4219519,4219526,0x406261,1,1,33,0x40627d,13,29,61,0x40627f,15,31,63,0x406286,6,6,6,451.10380000,451.10380000,451.10380000,0.00000000,451.10380000
12,alignment_sweep/bin/experiment_v1_gcc13_pad_12,4219490,4219518,4219520,4219527,0x406262,2,2,34,0x40627e,14,30,62,0x406280,0,0,0,0x406287,7,7,7,469.21844000,469.21844000,469.21844000,0.00000000,469.21844000
13,alignment_sweep/bin/experiment_v1_gcc13_pad_13,4219491,4219519,4219521,4219528,0x406263,3,3,35,0x40627f,15,31,63,0x406281,1,1,1,0x406288,8,8,8,847.22238000,847.22238000,847.22238000,0.00000000,847.22238000
14,alignment_sweep/bin/experiment_v1_gcc13_pad_14,4219492,4219520,4219522,4219529,0x406264,4,4,36,0x406280,0,0,0,0x406282,2,2,2,0x406289,9,9,9,807.47216000,807.47216000,807.47216000,0.00000000,807.47216000
15,alignment_sweep/bin/experiment_v1_gcc13_pad_15,4219493,4219521,4219523,4219530,0x406265,5,5,37,0x406281,1,1,1,0x406283,3,3,3,0x40628a,10,10,10,439.26350000,439.26350000,439.26350000,0.00000000,439.26350000
